reader_id,acc@20,acc@30,acc@50,acc@70,acc@100,aurc,full_accuracy,n_answerable
Qwen/Qwen2.5-0.5B-Instruct,0.5,0.4,0.24,0.17142857142857143,0.12,0.7115874228925325,0.12,50
Qwen/Qwen2.5-7B-Instruct,0.7,0.6666666666666666,0.6,0.42857142857142855,0.3,0.4701293808418452,0.3,50
