extractor_id,acc@20,acc@30,acc@50,acc@70,acc@100,aurc,full_accuracy,n_answerable
Qwen/Qwen2.5-7B-Instruct,0.3333333333333333,0.3333333333333333,0.4,0.2857142857142857,0.2,0.644707480020828,0.2,30
